Date,Transaction,Name,Memo,Amount
1/1/2023,OTHER,Overdraft Fee,,-5
1/4/2023,OTHER,INTERAC e-Transfer From: MISS MA,Transferred,40
1/4/2023,ATM,Withdrawal - ABM - 22378 132ND A,22378 132ND AVE MAPLE RIDG  BC  CA,-22
1/4/2023,FEE,Interac Network Usage Charge,ABM Fee,-1.5
1/4/2023,OTHER,INTERAC e-Transfer From: DARRELL,Transferred,30
1/4/2023,ATM,Withdrawal - ABM - 22378 132ND A,22378 132ND AVE MAPLE RIDG  BC  CA,-42
1/4/2023,FEE,Interac Network Usage Charge,ABM Fee,-1.5
1/5/2023,OTHER,INTERAC e-Transfer From: JUNE MI,Transferred,20
1/5/2023,OTHER,INTERAC e-Transfer From: DARRELL,Transferred,30
1/5/2023,ATM,Withdrawal - Scotiabank ABM,BANK OF NOVA SCOTIA MAPLE RIDG  BC  CA,-20
1/6/2023,OTHER,Interac - Purchase - TIM HORTONS,TIM HORTONS #3210 MAPLE RIDG  BC  CA,-4.87
1/6/2023,OTHER,Interac - Purchase - BURNABY  BC,BURNABY  BC  CA,-18.55
1/6/2023,OTHER,Interac - Purchase - Director 61,Director 61121 Maple Ridg  BC  CA,-6.17
1/6/2023,CREDIT,Internet Deposit from Tangerine ,Completed transfer from Tangerine DDA account 4017356592 ~ Internet Deposit,1
1/6/2023,OTHER,Interac - Purchase - DOLLAR TREE,DOLLAR TREE  #40075 MAPLE RIDG  BC  CA,-2.28
1/31/2023,OTHER,Overdraft Interest Charged (Janu,NEGACR:3.97805,-3.98
2/1/2023,OTHER,Overdraft Fee,,-5
2/11/2023,CREDIT,Internet Deposit from Tangerine ,Completed transfer from Tangerine DDA account 4017356592 ~ Internet Deposit,0
2/14/2023,OTHER,EFT Deposit from PROVINCE OF B.C,From PROVINCE OF B.C,490
2/14/2023,OTHER,Visa Debit - Purchase - SHAW CAB,SHAW CABLESYSTEMS CALGARY  CA,-200
2/14/2023,OTHER,Interac - Purchase - DOLLARAMA #,DOLLARAMA # 832 SURREY  BC  CA,-5.05
2/14/2023,OTHER,Interac - Purchase - DOLLARAMA #,DOLLARAMA # 832 SURREY  BC  CA,-2.24
2/15/2023,OTHER,Interac - Purchase - 7 ELEVEN ST,7 ELEVEN STORE #36676 SURREY  BC  CA,-6.58
2/15/2023,ATM,Withdrawal - Scotiabank ABM,*9583 132 ST SURREY  BC  CA,-20
2/17/2023,OTHER,Visa Debit - Purchase - LUCKY MO,LUCKY MOBILE MISSISSAUGA  CA,-28
2/17/2023,OTHER,Posted :16 Feb 2023,LUCKY MOBILE MISSISSAUGA  CA,0
2/17/2023,OTHER,Posted :16 Feb 2023,LUCKY MOBILE MISSISSAUGA  CA,0
2/17/2023,OTHER,Interac - Purchase - STAR MART C,STAR MART CONVENIENCE SURREY  BC  CA,-2.3
2/18/2023,OTHER,INTERAC e-Transfer From: VANESSA,Transferred,205
2/18/2023,OTHER,Visa Debit - Purchase - APPLE.CO,APPLE.COM/BILL 866-712-7753  CA,-4.47
2/18/2023,OTHER,Posted :17 Feb 2023,APPLE.COM/BILL 866-712-7753  CA,0
2/18/2023,OTHER,Posted :17 Feb 2023,APPLE.COM/BILL 866-712-7753  CA,0
2/18/2023,ATM,Withdrawal - Scotiabank ABM,*9583 132 ST SURREY  BC  CA,-200
2/18/2023,OTHER,Interac - Purchase - MCDONALD'S ,MCDONALD'S #8250   Q04 SURREY  BC  CA,-4.19
2/19/2023,OTHER,Visa Debit - Purchase - APPLE.CO,APPLE.COM/BILL 866-712-7753  CA,-8.94
2/19/2023,OTHER,Posted :17 Feb 2023,APPLE.COM/BILL 866-712-7753  CA,0
2/19/2023,OTHER,Posted :17 Feb 2023,APPLE.COM/BILL 866-712-7753  CA,0
2/19/2023,OTHER,Visa Debit - Purchase - APPLE.CO,APPLE.COM/BILL 866-712-7753  CA,-4.47
2/19/2023,OTHER,Posted :17 Feb 2023,APPLE.COM/BILL 866-712-7753  CA,0
2/19/2023,OTHER,Posted :17 Feb 2023,APPLE.COM/BILL 866-712-7753  CA,0
2/19/2023,OTHER,Visa Debit - Purchase - APPLE.CO,APPLE.COM/BILL 866-712-7753  CA,-4.47
2/19/2023,OTHER,Posted :17 Feb 2023,APPLE.COM/BILL 866-712-7753  CA,0
2/19/2023,OTHER,Posted :17 Feb 2023,APPLE.COM/BILL 866-712-7753  CA,0
2/19/2023,OTHER,Interac - Purchase - SHELL C2199,SHELL C21992 SURREY  BC  CA,-9.22
2/26/2023,OTHER,Visa Debit - Purchase - APPLE.CO,APPLE.COM/BILL 866-712-7753  CA,-8.94
2/26/2023,OTHER,Posted :25 Feb 2023,APPLE.COM/BILL 866-712-7753  CA,0
2/26/2023,OTHER,Posted :25 Feb 2023,APPLE.COM/BILL 866-712-7753  CA,0
2/26/2023,OTHER,INTERAC e-Transfer From: DARRELL,Transferred,60
2/27/2023,OTHER,INTERAC e-Transfer To: Brandon D,Transferred,-10
2/28/2023,OTHER,Interest Paid,,0
2/28/2023,OTHER,Overdraft Interest Charged (Febr,NEGACR:1.9751/NEGACRUN:.04264,-2.02
3/1/2023,OTHER,Overdraft Fee,,-5
3/3/2023,OTHER,INTERAC e-Transfer From: VANESSA,Transferred,100
3/4/2023,ATM,Withdrawal - Scotiabank ABM,BANK OF NOVA SCOTIA SURREY  BC  CA,-100
3/6/2023,ATM,Withdrawal - Scotiabank ABM,BANK OF NOVA SCOTIA MAPLE RIDG  BC  CA,-220
3/11/2023,OTHER,INTERAC e-Transfer From: JUNE MI,Transferred,40
3/11/2023,ATM,Withdrawal - Scotiabank ABM,BANK OF NOVA SCOTIA MAPLE RIDG  BC  CA,-40
3/14/2023,OTHER,EFT Deposit from PROVINCE OF B.C,From PROVINCE OF B.C,354.67
3/16/2023,OTHER,Visa Debit - Purchase - LUCKY MO,LUCKY MOBILE MISSISSAUGA  CA,-28
3/16/2023,OTHER,Posted :15 Mar 2023,LUCKY MOBILE MISSISSAUGA  CA,0
3/16/2023,OTHER,Posted :15 Mar 2023,LUCKY MOBILE MISSISSAUGA  CA,0
3/16/2023,ATM,Withdrawal - ABM - PROSPERA CRED,PROSPERA CREDIT UNION MAPLE RIDG  BC  CA,-142.5
3/16/2023,FEE,Interac Network Usage Charge,ABM Fee,-1.5
3/16/2023,ATM,Withdrawal - ABM - 22378 132ND A,22378 132ND AVE MAPLE RIDG  BC  CA,-102
3/16/2023,FEE,Interac Network Usage Charge,ABM Fee,-1.5
3/16/2023,ATM,Withdrawal - ABM - 22378 132ND A,22378 132ND AVE MAPLE RIDG  BC  CA,-62
3/16/2023,FEE,Interac Network Usage Charge,ABM Fee,-1.5
3/18/2023,OTHER,INTERAC e-Transfer From: Payper ,Transferred,106.96
3/18/2023,ATM,Withdrawal - ABM - 22378 132ND A,22378 132ND AVE MAPLE RIDG  BC  CA,-62
3/18/2023,FEE,Interac Network Usage Charge,ABM Fee,-1.5
3/18/2023,OTHER,Interac - Purchase - GOLDEN EARS,GOLDEN EARS SPECIALTY MAPLE RIDG  BC  CA,-4.29
3/19/2023,ATM,Withdrawal - ABM - PROSPERA CRED,PROSPERA CREDIT UNION MAPLE RIDG  BC  CA,-42.5
3/19/2023,FEE,Interac Network Usage Charge,ABM Fee,-1.5
3/21/2023,OTHER,EFT Deposit from PROVINCE OF B.C,From PROVINCE OF B.C,935
3/22/2023,OTHER,INTERAC e-Transfer To: Chrissy,Transferred,-50
3/22/2023,DEBIT,Bill Payment - CAPITAL ONE MASTE,BILLPO,-50
3/22/2023,OTHER,Visa Debit - Purchase - SHAW CAB,SHAW CABLESYSTEMS CALGARY  CA,-81
3/22/2023,ATM,Withdrawal - ABM - 22378 132ND A,22378 132ND AVE MAPLE RIDG  BC  CA,-102
3/22/2023,FEE,Interac Network Usage Charge,ABM Fee,-1.5
3/22/2023,OTHER,Interac - Purchase - GOLDEN EARS,GOLDEN EARS SPECIALTY MAPLE RIDG  BC  CA,-8.18
3/22/2023,OTHER,Visa Debit - Purchase - OURPLAT.,OURPLAT.COM REDLAND BAY  AU,-19.71
3/22/2023,OTHER,13.99 USD @ 1.408863000,OURPLAT.COM REDLAND BAY  AU,0
3/22/2023,OTHER,13.99 USD @ 1.408863000,OURPLAT.COM REDLAND BAY  AU,0
3/23/2023,ATM,Withdrawal - ABM - 22378 132ND A,22378 132ND AVE MAPLE RIDG  BC  CA,-202
3/23/2023,FEE,Interac Network Usage Charge,ABM Fee,-1.5
3/23/2023,OTHER,Interac - Purchase - GOLDEN EARS,GOLDEN EARS SPECIALTY MAPLE RIDG  BC  CA,-5.12
3/24/2023,ATM,Withdrawal - ABM - PROSPERA CRED,PROSPERA CREDIT UNION MAPLE RIDG  BC  CA,-102.5
3/24/2023,FEE,Interac Network Usage Charge,ABM Fee,-1.5
3/24/2023,ATM,Withdrawal - ABM - 22378 132ND A,22378 132ND AVE MAPLE RIDG  BC  CA,-102
3/24/2023,FEE,Interac Network Usage Charge,ABM Fee,-1.5
3/24/2023,OTHER,Interac - Purchase - GOLDEN EARS,GOLDEN EARS SPECIALTY MAPLE RIDG  BC  CA,-13.73
3/24/2023,ATM,Withdrawal - ABM - 22378 132ND A,22378 132ND AVE MAPLE RIDG  BC  CA,-102
3/24/2023,FEE,Interac Network Usage Charge,ABM Fee,-1.5
3/24/2023,OTHER,Interac - Purchase - GOLDEN EARS,GOLDEN EARS SPECIALTY MAPLE RIDG  BC  CA,-11.52
3/25/2023,ATM,Withdrawal - ABM - PROSPERA CRED,PROSPERA CREDIT UNION MAPLE RIDG  BC  CA,-82.5
3/25/2023,FEE,Interac Network Usage Charge,ABM Fee,-1.5
3/25/2023,OTHER,INTERAC e-Transfer From: DAVID F,Transferred,600
3/25/2023,ATM,Withdrawal - Scotiabank ABM,BANK OF NOVA SCOTIA MAPLE RIDG  BC  CA,-500
3/25/2023,OTHER,Interac - Purchase - WALMART STO,WALMART STORE #1206 MAPLE RIDG  BC  CA,-53.24
3/25/2023,OTHER,Interac - Purchase - SAVE ON FOO,SAVE ON FOODS #935 MAPLE RIDG  BC  CA,-11.35
3/26/2023,OTHER,Interac - Purchase - PORT KELLS ,PORT KELLS ESSO SURREY  BC  CA,-0.87
3/26/2023,ATM,Withdrawal - Scotiabank ABM,BANK OF NOVA SCOTIA MAPLE RIDG  BC  CA,-20
3/26/2023,OTHER,Interac - Purchase - GOLDEN EARS,GOLDEN EARS SPECIALTY MAPLE RIDG  BC  CA,-6.27
3/31/2023,OTHER,Visa Debit - Purchase - BIGPOINT,BIGPOINT*DarkOrbit BIGPOINT.COM  DE,-8.36
3/31/2023,OTHER,Posted :30 Mar 2023,BIGPOINT*DarkOrbit BIGPOINT.COM  DE,0
3/31/2023,OTHER,5.99 USD @ 1.395659000,BIGPOINT*DarkOrbit BIGPOINT.COM  DE,0
3/31/2023,OTHER,Posted :30 Mar 2023  5.99 USD @ ,BIGPOINT*DarkOrbit BIGPOINT.COM  DE,0
3/31/2023,OTHER,Interest Paid,,0
3/31/2023,OTHER,Overdraft Interest Charged (Marc,NEGACR:2.60005,-2.6
4/1/2023,OTHER,Overdraft Fee,,-5
4/3/2023,OTHER,Visa Debit - Purchase - BIGPOINT,BIGPOINT*DarkOrbit BIGPOINT.COM  DE,-2.77
4/3/2023,OTHER,Posted :31 Mar 2023,BIGPOINT*DarkOrbit BIGPOINT.COM  DE,0
4/3/2023,OTHER,1.99 USD @ 1.391960000,BIGPOINT*DarkOrbit BIGPOINT.COM  DE,0
4/3/2023,OTHER,Posted :31 Mar 2023  1.99 USD @ ,BIGPOINT*DarkOrbit BIGPOINT.COM  DE,0
4/6/2023,OTHER,INTERAC e-Transfer From: MARY-AN,Transferred,100
4/6/2023,ATM,Withdrawal - ABM - WALMART 1206 ,WALMART 1206  MAPLE RI MAPLE RIDG  BC  CA,-82.99
4/6/2023,FEE,Interac Network Usage Charge,ABM Fee,-1.5
4/6/2023,OTHER,Interac - Purchase - WALMART STO,WALMART STORE #1206 MAPLE RIDG  BC  CA,-8.33
4/7/2023,OTHER,INTERAC e-Transfer From: DAVID F,Transferred,687.5
4/7/2023,OTHER,INTERAC e-Transfer To: David Fun,Transferred,-375
4/7/2023,ATM,Withdrawal - ABM - 22378 132ND A,22378 132ND AVE MAPLE RIDG  BC  CA,-82
4/7/2023,FEE,Interac Network Usage Charge,ABM Fee,-1.5
4/8/2023,ATM,Withdrawal - ABM - PROSPERA CRED,PROSPERA CREDIT UNION MAPLE RIDG  BC  CA,-102.5
4/8/2023,FEE,Interac Network Usage Charge,ABM Fee,-1.5
4/9/2023,OTHER,Interac - Purchase - BC LIQUOR #,BC LIQUOR #065 MAPLE RIDG  BC  CA,-10.44
4/9/2023,OTHER,Interac - Purchase - DOLLARAMA #,DOLLARAMA # 806 MAPLE RIDG  BC  CA,-3.74
4/10/2023,OTHER,INTERAC e-Transfer To: sheena,Transferred,-100
4/10/2023,OTHER,Visa Debit - Purchase - BIGPOINT,BIGPOINT*DarkOrbit BIGPOINT.COM  DE,-2.76
4/10/2023,OTHER,Posted :07 Apr 2023,BIGPOINT*DarkOrbit BIGPOINT.COM  DE,0
4/10/2023,OTHER,1.99 USD @ 1.386935000,BIGPOINT*DarkOrbit BIGPOINT.COM  DE,0
4/10/2023,OTHER,Posted :07 Apr 2023  1.99 USD @ ,BIGPOINT*DarkOrbit BIGPOINT.COM  DE,0
4/14/2023,OTHER,Visa Debit - Purchase - BIGPOINT,BIGPOINT*DarkOrbit BIGPOINT.COM  DE,-4.13
4/14/2023,OTHER,Posted :13 Apr 2023,BIGPOINT*DarkOrbit BIGPOINT.COM  DE,0
4/14/2023,OTHER,2.99 USD @ 1.381271000,BIGPOINT*DarkOrbit BIGPOINT.COM  DE,0
4/14/2023,OTHER,Posted :13 Apr 2023  2.99 USD @ ,BIGPOINT*DarkOrbit BIGPOINT.COM  DE,0
4/14/2023,OTHER,INTERAC e-Transfer From: DARRELL,Transferred,60
4/15/2023,ATM,Withdrawal - ABM - 22378 132ND A,22378 132ND AVE MAPLE RIDG  BC  CA,-62
4/15/2023,FEE,Interac Network Usage Charge,ABM Fee,-1.5
4/17/2023,OTHER,Visa Debit - Purchase - BIGPOINT,BIGPOINT*DarkOrbit BIGPOINT.COM  DE,-2.74
4/17/2023,OTHER,Posted :14 Apr 2023,BIGPOINT*DarkOrbit BIGPOINT.COM  DE,0
4/17/2023,OTHER,1.99 USD @ 1.376884000,BIGPOINT*DarkOrbit BIGPOINT.COM  DE,0
4/17/2023,OTHER,Posted :14 Apr 2023  1.99 USD @ ,BIGPOINT*DarkOrbit BIGPOINT.COM  DE,0
4/21/2023,OTHER,INTERAC e-Transfer From: DARRELL,Transferred,30
4/21/2023,OTHER,INTERAC e-Transfer From: DAVID F,Transferred,1250
4/21/2023,OTHER,INTERAC e-Transfer To: David Fun,Transferred,-500
4/21/2023,OTHER,Visa Debit - Purchase - SHAW CAB,SHAW CABLESYSTEMS CALGARY  CA,-80
4/21/2023,ATM,Withdrawal - ABM - 22378 132ND A,22378 132ND AVE MAPLE RIDG  BC  CA,-242
4/21/2023,FEE,Interac Network Usage Charge,ABM Fee,-1.5
4/21/2023,OTHER,Interac - Purchase - GOLDEN EARS,GOLDEN EARS SPECIALTY MAPLE RIDG  BC  CA,-9.67
4/22/2023,OTHER,Interac - Purchase - REAL CDN SU,REAL CDN SUPERSTORE #1 PITT MEADO  BC  CA,-154.29
4/22/2023,OTHER,Interac - Purchase - WENDY'S RES,WENDY'S RESTAURANTS MAPLE RIDG  BC  CA,-19.93
4/22/2023,OTHER,Interac - Purchase - VALUE VILLA,VALUE VILLAGE # 2102 MAPLE RIDG  BC  CA,-21.26
4/22/2023,OTHER,Interac - Purchase - DOLLAR TREE,DOLLAR TREE CANADA #40 MAPLE RIDG  BC  CA,-4.94
4/22/2023,OTHER,Interac - Purchase - DOLLARAMA #,DOLLARAMA # 806 MAPLE RIDG  BC  CA,-15.3
4/22/2023,OTHER,Interac - Purchase - WALMART STO,WALMART STORE #1206 MAPLE RIDG  BC  CA,-13.48
4/22/2023,OTHER,Interac - Purchase - PUFF AND ST,PUFF AND STUFF MAPLE RIDG  BC  CA,-7.84
4/22/2023,OTHER,Interac - Purchase - SQ *1375803,SQ *1375803 B.C. LTD. SURREY  BC  CA,-50.4
4/22/2023,OTHER,Interac - Purchase - RIDGE MEADO,RIDGE MEADOWS HOSPICE MAPLE RIDG  BC  CA,-6
4/22/2023,OTHER,Visa Debit - Purchase - UDEMY: O,UDEMY: ONLINE COURSES HTTPSWWW.UDEM  CA  US,-27.99
4/22/2023,ATM,Withdrawal - ABM - 22378 132ND A,22378 132ND AVE MAPLE RIDG  BC  CA,-42
4/22/2023,FEE,Interac Network Usage Charge,ABM Fee,-1.5
4/22/2023,OTHER,Interac - Purchase - GOLDEN EARS,GOLDEN EARS SPECIALTY MAPLE RIDG  BC  CA,-5.24
4/22/2023,ATM,Withdrawal - ABM - 22378 132ND A,22378 132ND AVE MAPLE RIDG  BC  CA,-62
4/22/2023,FEE,Interac Network Usage Charge,ABM Fee,-1.5
4/24/2023,OTHER,Visa Debit - Purchase - BIGPOINT,BIGPOINT*DarkOrbit BIGPOINT.COM  DE,-2.77
4/24/2023,OTHER,Posted :21 Apr 2023,BIGPOINT*DarkOrbit BIGPOINT.COM  DE,0
4/24/2023,OTHER,1.99 USD @ 1.391960000,BIGPOINT*DarkOrbit BIGPOINT.COM  DE,0
4/24/2023,OTHER,Posted :21 Apr 2023  1.99 USD @ ,BIGPOINT*DarkOrbit BIGPOINT.COM  DE,0
4/29/2023,OTHER,INTERAC e-Transfer From: DARRELL,Transferred,60
4/29/2023,ATM,Withdrawal - ABM - 22378 132ND A,22378 132ND AVE MAPLE RIDG  BC  CA,-42
4/29/2023,FEE,Interac Network Usage Charge,ABM Fee,-1.5
4/29/2023,OTHER,Interac - Purchase - GOLDEN EARS,GOLDEN EARS SPECIALTY MAPLE RIDG  BC  CA,-7.22
4/30/2023,OTHER,Interest Paid,,0
4/30/2023,OTHER,Overdraft Interest Charged (Apri,NEGACR:3.38475/NEGACRUN:.00512,-3.39
5/1/2023,OTHER,Visa Debit - Purchase - BIGPOINT,BIGPOINT*DarkOrbit BIGPOINT.COM  DE,-14
5/1/2023,OTHER,Posted :30 Apr 2023,BIGPOINT*DarkOrbit BIGPOINT.COM  DE,0
5/1/2023,OTHER,9.99 USD @ 1.401401000,BIGPOINT*DarkOrbit BIGPOINT.COM  DE,0
5/1/2023,OTHER,Posted :30 Apr 2023  9.99 USD @ ,BIGPOINT*DarkOrbit BIGPOINT.COM  DE,0
5/1/2023,OTHER,Visa Debit - Purchase - BIGPOINT,BIGPOINT*DarkOrbit BIGPOINT.COM  DE,-2.79
5/1/2023,OTHER,Posted :28 Apr 2023,BIGPOINT*DarkOrbit BIGPOINT.COM  DE,0
5/1/2023,OTHER,1.99 USD @ 1.402010000,BIGPOINT*DarkOrbit BIGPOINT.COM  DE,0
5/1/2023,OTHER,Posted :28 Apr 2023  1.99 USD @ ,BIGPOINT*DarkOrbit BIGPOINT.COM  DE,0
5/1/2023,OTHER,Overdraft Fee,,-5
5/2/2023,OTHER,INTERAC e-Transfer From: DARRELL,Transferred,60
5/2/2023,ATM,Withdrawal - ABM - 22378 132ND A,22378 132ND AVE MAPLE RIDG  BC  CA,-42
5/2/2023,FEE,Interac Network Usage Charge,ABM Fee,-1.5
5/2/2023,OTHER,Interac - Purchase - GOLDEN EARS,GOLDEN EARS SPECIALTY MAPLE RIDG  BC  CA,-4.28
5/4/2023,OTHER,Visa Debit - Purchase - BIGPOINT,BIGPOINT*DarkOrbit BIGPOINT.COM  DE,-2.78
5/4/2023,OTHER,Posted :02 May 2023,BIGPOINT*DarkOrbit BIGPOINT.COM  DE,0
5/4/2023,OTHER,1.99 USD @ 1.396985000,BIGPOINT*DarkOrbit BIGPOINT.COM  DE,0
5/4/2023,OTHER,Posted :02 May 2023  1.99 USD @ ,BIGPOINT*DarkOrbit BIGPOINT.COM  DE,0
5/5/2023,OTHER,INTERAC e-Transfer From: DAVID F,Transferred,1837.5
5/5/2023,OTHER,INTERAC e-Transfer To: David Fun,Transferred,-800
5/5/2023,OTHER,INTERAC e-Transfer To: Chrissy,Transferred,-100
5/5/2023,OTHER,Interac - Purchase - VALUE VILLA,VALUE VILLAGE # 2102 MAPLE RIDG  BC  CA,-18.36
5/5/2023,OTHER,Interac - Purchase - DONAIR TOP ,DONAIR TOP MAPLE RIDG  BC  CA,-31.4
5/5/2023,ATM,Withdrawal - ABM - 22378 132ND A,22378 132ND AVE MAPLE RIDG  BC  CA,-102
5/5/2023,FEE,Interac Network Usage Charge,ABM Fee,-1.5
5/5/2023,OTHER,Interac - Purchase - GOLDEN EARS,GOLDEN EARS SPECIALTY MAPLE RIDG  BC  CA,-9.78
5/6/2023,OTHER,Visa Debit - Purchase - GOOGLE *,GOOGLE *TextNow g.co/helppay#  CA,-7.83
5/6/2023,OTHER,Posted :05 May 2023,GOOGLE *TextNow g.co/helppay#  CA,0
5/6/2023,OTHER,Posted :05 May 2023,GOOGLE *TextNow g.co/helppay#  CA,0
5/6/2023,ATM,Withdrawal - ABM - PROSPERA CRED,PROSPERA CREDIT UNION MAPLE RIDG  BC  CA,-122.5
5/6/2023,FEE,Interac Network Usage Charge,ABM Fee,-1.5
5/6/2023,OTHER,Interac - Purchase - TIM HORTONS,TIM HORTONS #1912 MAPLE RIDG  BC  CA,-8.74
5/6/2023,OTHER,Interac - Purchase - REAL CDN SU,REAL CDN SUPERSTORE #1 PITT MEADO  BC  CA,-134.49
5/6/2023,OTHER,Interac - Purchase - DOLLARAMA #,DOLLARAMA #1521 PITT MEADO  BC  CA,-7.23
5/6/2023,OTHER,Interac - Purchase - DOLLARAMA #,DOLLARAMA #1521 PITT MEADO  BC  CA,-12.09
5/6/2023,OTHER,Interac - Purchase - DOLLARAMA #,DOLLARAMA # 806 MAPLE RIDG  BC  CA,-23.9
5/6/2023,OTHER,Interac - Purchase - COMPASS VEN,COMPASS VENDING BURNABY  BC  CA,-16
5/7/2023,ATM,Withdrawal - Scotiabank ABM,BANK OF NOVA SCOTIA MAPLE RIDG  BC  CA,-100
5/7/2023,OTHER,Interac - Purchase - ALOUETTE TA,ALOUETTE TAXI MAPLE RIDG  BC  CA,-14
5/7/2023,OTHER,Interac - Purchase - DENNY'S WIL,DENNY'S WILLOWBROOK LA LANGLEY  BC  CA,-69.5
5/7/2023,OTHER,Visa Debit - Purchase - aliexpre,aliexpress Vancouver  CA,-13.37
5/7/2023,OTHER,Cancelled INTERAC e-Transfer To:,Transferred,100
5/7/2023,OTHER,INTERAC e-Transfer To: Chrissy A,Transferred,-100
5/8/2023,ATM,Withdrawal - ABM - 22378 132ND A,22378 132ND AVE MAPLE RIDG  BC  CA,-102
5/8/2023,FEE,Interac Network Usage Charge,ABM Fee,-1.5
5/8/2023,OTHER,Interac - Purchase - GOLDEN EARS,GOLDEN EARS SPECIALTY MAPLE RIDG  BC  CA,-7.22
5/8/2023,OTHER,Visa Debit - Purchase - BIGPOINT,BIGPOINT*DarkOrbit BIGPOINT.COM  DE,-2.77
5/8/2023,OTHER,Posted :05 May 2023,BIGPOINT*DarkOrbit BIGPOINT.COM  DE,0
5/8/2023,OTHER,1.99 USD @ 1.391960000,BIGPOINT*DarkOrbit BIGPOINT.COM  DE,0
5/8/2023,OTHER,Posted :05 May 2023  1.99 USD @ ,BIGPOINT*DarkOrbit BIGPOINT.COM  DE,0
5/9/2023,ATM,Withdrawal - ABM - PROSPERA CRED,PROSPERA CREDIT UNION MAPLE RIDG  BC  CA,-122.5
5/9/2023,FEE,Interac Network Usage Charge,ABM Fee,-1.5
5/9/2023,OTHER,Visa Debit - Purchase - EXTREMEC,EXTREMECHAT.COM BUDAPEST  HU,-7.49
5/11/2023,OTHER,Visa Debit - Purchase - BIGPOINT,BIGPOINT*DarkOrbit BIGPOINT.COM  DE,-2.74
5/11/2023,OTHER,Posted :09 May 2023,BIGPOINT*DarkOrbit BIGPOINT.COM  DE,0
5/11/2023,OTHER,1.99 USD @ 1.376884000,BIGPOINT*DarkOrbit BIGPOINT.COM  DE,0
5/11/2023,OTHER,Posted :09 May 2023  1.99 USD @ ,BIGPOINT*DarkOrbit BIGPOINT.COM  DE,0
5/19/2023,OTHER,INTERAC e-Transfer From: DAVID F,Transferred,2012.5
5/19/2023,OTHER,INTERAC e-Transfer To: David Fun,Transferred,-800
5/19/2023,OTHER,Interac - Purchase - MARY BROWN',MARY BROWN'S #4031 MAPLE RIDG  BC  CA,-37
5/19/2023,ATM,Withdrawal - ABM - WALMART 1206 ,WALMART 1206  MAPLE RI MAPLE RIDG  BC  CA,-242.99
5/19/2023,FEE,Interac Network Usage Charge,ABM Fee,-1.5
5/19/2023,OTHER,Interac - Purchase - WALMART STO,WALMART STORE #1206 MAPLE RIDG  BC  CA,-14.52
5/19/2023,OTHER,Interac - Purchase - GOLDEN EARS,GOLDEN EARS SPECIALTY MAPLE RIDG  BC  CA,-9.74
5/19/2023,OTHER,Visa Debit - Purchase - OURPLAT.,OURPLAT.COM REDLAND BAY  AU,-38.8
5/19/2023,OTHER,27.98 USD @ 1.386705000,OURPLAT.COM REDLAND BAY  AU,0
5/19/2023,OTHER,27.98 USD @ 1.386705000,OURPLAT.COM REDLAND BAY  AU,0
5/20/2023,OTHER,Visa Debit - Purchase - LUCKY MO,LUCKY MOBILE MISSISSAUGA  CA,-28
5/20/2023,OTHER,Posted :19 May 2023,LUCKY MOBILE MISSISSAUGA  CA,0
5/20/2023,OTHER,Posted :19 May 2023,LUCKY MOBILE MISSISSAUGA  CA,0
5/21/2023,ATM,Withdrawal - ABM - PROSPERA CRED,PROSPERA CREDIT UNION MAPLE RIDG  BC  CA,-222.5
5/21/2023,FEE,Interac Network Usage Charge,ABM Fee,-1.5
5/21/2023,ATM,Withdrawal - ABM - 22378 132ND A,22378 132ND AVE MAPLE RIDG  BC  CA,-102
5/21/2023,FEE,Interac Network Usage Charge,ABM Fee,-1.5
5/21/2023,OTHER,Interac - Purchase - GOLDEN EARS,GOLDEN EARS SPECIALTY MAPLE RIDG  BC  CA,-13.93
5/21/2023,OTHER,Visa Debit - Purchase - EXTREMEC,EXTREMECHAT.COM BUDAPEST  HU,-34.99
5/21/2023,OTHER,Posted :20 May 2023,EXTREMECHAT.COM BUDAPEST  HU,0
5/21/2023,OTHER,Posted :20 May 2023,EXTREMECHAT.COM BUDAPEST  HU,0
5/21/2023,OTHER,Visa Debit - Purchase - EXTREMEC,EXTREMECHAT.COM BUDAPEST  HU,-34.99
5/21/2023,OTHER,Posted :20 May 2023,EXTREMECHAT.COM BUDAPEST  HU,0
5/21/2023,OTHER,Posted :20 May 2023,EXTREMECHAT.COM BUDAPEST  HU,0
5/21/2023,OTHER,Visa Debit - Purchase - EXTREMEC,EXTREMECHAT.COM BUDAPEST  HU,-14.99
5/21/2023,OTHER,Posted :20 May 2023,EXTREMECHAT.COM BUDAPEST  HU,0
5/21/2023,OTHER,Posted :20 May 2023,EXTREMECHAT.COM BUDAPEST  HU,0
5/21/2023,OTHER,Visa Debit - Purchase - EXTREMEC,EXTREMECHAT.COM BUDAPEST  HU,-14.99
5/21/2023,OTHER,Posted :20 May 2023,EXTREMECHAT.COM BUDAPEST  HU,0
5/21/2023,OTHER,Posted :20 May 2023,EXTREMECHAT.COM BUDAPEST  HU,0
5/21/2023,OTHER,Visa Debit - Purchase - EXTREMEC,EXTREMECHAT.COM BUDAPEST  HU,-14.99
5/21/2023,OTHER,Posted :20 May 2023,EXTREMECHAT.COM BUDAPEST  HU,0
5/21/2023,OTHER,Posted :20 May 2023,EXTREMECHAT.COM BUDAPEST  HU,0
5/21/2023,OTHER,Visa Debit - Purchase - EXTREMEC,EXTREMECHAT.COM BUDAPEST  HU,-14.99
5/21/2023,OTHER,Posted :20 May 2023,EXTREMECHAT.COM BUDAPEST  HU,0
5/21/2023,OTHER,Posted :20 May 2023,EXTREMECHAT.COM BUDAPEST  HU,0
5/21/2023,OTHER,Visa Debit - Purchase - EXTREMEC,EXTREMECHAT.COM BUDAPEST  HU,-14.99
5/21/2023,OTHER,Posted :20 May 2023,EXTREMECHAT.COM BUDAPEST  HU,0
5/21/2023,OTHER,Posted :20 May 2023,EXTREMECHAT.COM BUDAPEST  HU,0
5/21/2023,OTHER,Visa Debit - Purchase - EXTREMEC,EXTREMECHAT.COM BUDAPEST  HU,-34.99
5/21/2023,OTHER,Posted :20 May 2023,EXTREMECHAT.COM BUDAPEST  HU,0
5/21/2023,OTHER,Posted :20 May 2023,EXTREMECHAT.COM BUDAPEST  HU,0
5/21/2023,ATM,Withdrawal - ABM - 22378 132ND A,22378 132ND AVE MAPLE RIDG  BC  CA,-42
5/21/2023,FEE,Interac Network Usage Charge,ABM Fee,-1.5
5/23/2023,OTHER,Visa Debit - Purchase - Daybreak,Daybreak Game Company 858-2390500  CA  US,-54.34
5/23/2023,OTHER,Posted :20 May 2023,Daybreak Game Company 858-2390500  CA  US,0
5/23/2023,OTHER,39.19 USD @ 1.386578000,Daybreak Game Company 858-2390500  CA  US,0
5/23/2023,OTHER,Posted :20 May 2023  39.19 USD @,Daybreak Game Company 858-2390500  CA  US,0
5/23/2023,OTHER,Visa Debit - Purchase - Daybreak,Daybreak Game Company 858-2390500  CA  US,-54.34
5/23/2023,OTHER,Posted :20 May 2023,Daybreak Game Company 858-2390500  CA  US,0
5/23/2023,OTHER,39.19 USD @ 1.386578000,Daybreak Game Company 858-2390500  CA  US,0
5/23/2023,OTHER,Posted :20 May 2023  39.19 USD @,Daybreak Game Company 858-2390500  CA  US,0
5/23/2023,OTHER,Visa Debit - Purchase - Daybreak,Daybreak Game Company 858-2390500  CA  US,-54.34
5/23/2023,OTHER,Posted :20 May 2023,Daybreak Game Company 858-2390500  CA  US,0
5/23/2023,OTHER,39.19 USD @ 1.386578000,Daybreak Game Company 858-2390500  CA  US,0
5/23/2023,OTHER,Posted :20 May 2023  39.19 USD @,Daybreak Game Company 858-2390500  CA  US,0
5/23/2023,OTHER,Visa Debit - Purchase - Daybreak,Daybreak Game Company 858-2390500  CA  US,-54.34
5/23/2023,OTHER,Posted :20 May 2023,Daybreak Game Company 858-2390500  CA  US,0
5/23/2023,OTHER,39.19 USD @ 1.386578000,Daybreak Game Company 858-2390500  CA  US,0
5/23/2023,OTHER,Posted :20 May 2023  39.19 USD @,Daybreak Game Company 858-2390500  CA  US,0
5/23/2023,OTHER,Visa Debit - Purchase - Daybreak,Daybreak Game Company 858-2390500  CA  US,-48.88
5/23/2023,OTHER,Posted :20 May 2023,Daybreak Game Company 858-2390500  CA  US,0
5/23/2023,OTHER,35.26 USD @ 1.386273000,Daybreak Game Company 858-2390500  CA  US,0
5/23/2023,OTHER,Posted :20 May 2023  35.26 USD @,Daybreak Game Company 858-2390500  CA  US,0
5/24/2023,ATM,Deposit - Scotiabank ABM - Chequ,SELKIRK TOWN CENTRE #2 MAPLE RIDGE  BC  CA,75
5/24/2023,ATM,Withdrawal - Scotiabank ABM,BANK OF NOVA SCOTIA MAPLE RIDG  BC  CA,-80
5/29/2023,OTHER,Visa Debit - Purchase - BIGPOINT,BIGPOINT*DarkOrbit BIGPOINT.COM  DE,-2.79
5/29/2023,OTHER,Posted :28 May 2023,BIGPOINT*DarkOrbit BIGPOINT.COM  DE,0
5/29/2023,OTHER,1.99 USD @ 1.402010000,BIGPOINT*DarkOrbit BIGPOINT.COM  DE,0
5/29/2023,OTHER,Posted :28 May 2023  1.99 USD @ ,BIGPOINT*DarkOrbit BIGPOINT.COM  DE,0
5/30/2023,POS,Visa Debit - Purchase Return - a,aliexpress Vancouver  CA,0.01
5/30/2023,OTHER,INTERAC e-Transfer From: DARRELL,Transferred,80
5/30/2023,ATM,Withdrawal - Scotiabank ABM,BANK OF NOVA SCOTIA MAPLE RIDG  BC  CA,-80
5/31/2023,OTHER,Interest Paid,,0
5/31/2023,OTHER,Overdraft Interest Charged (May ,NEGACR:3.00931/NEGACRUN:.00193,-3.01
6/1/2023,OTHER,Overdraft Fee,,-5
6/2/2023,OTHER,INTERAC e-Transfer From: DAVID F,Transferred,1100
6/2/2023,OTHER,Visa Debit - Purchase - SHAW CAB,SHAW CABLESYSTEMS CALGARY  CA,-120.81
6/2/2023,OTHER,Posted :24 May 2023,SHAW CABLESYSTEMS CALGARY  CA,0
6/2/2023,OTHER,Posted :24 May 2023,SHAW CABLESYSTEMS CALGARY  CA,0
6/2/2023,OTHER,Interac - Purchase - MARY BROWN',MARY BROWN'S #4031 MAPLE RIDG  BC  CA,-33.71
6/2/2023,OTHER,Interac - Purchase - LONDON DRUG,LONDON DRUGS 47 MAPLE RIDG  BC  CA,-56.89
6/2/2023,OTHER,Interac - Purchase - WALMART STO,WALMART STORE #1206 MAPLE RIDG  BC  CA,-204.45
6/2/2023,OTHER,Interac - Purchase - DOLLARAMA #,DOLLARAMA # 806 MAPLE RIDG  BC  CA,-28.88
6/2/2023,ATM,Withdrawal - ABM - 22378 132ND A,22378 132ND AVE MAPLE RIDG  BC  CA,-142
6/2/2023,FEE,Interac Network Usage Charge,ABM Fee,-1.5
6/2/2023,OTHER,Interac - Purchase - GOLDEN EARS,GOLDEN EARS SPECIALTY MAPLE RIDG  BC  CA,-9.17
6/3/2023,ATM,Withdrawal - ABM - PROSPERA CRED,PROSPERA CREDIT UNION MAPLE RIDG  BC  CA,-262.5
6/3/2023,FEE,Interac Network Usage Charge,ABM Fee,-1.5
6/4/2023,OTHER,Interac - Purchase - LONDON DRUG,LONDON DRUGS 47 MAPLE RIDG  BC  CA,-89.58
6/4/2023,OTHER,Interac - Purchase - WALMART STO,WALMART STORE #1206 MAPLE RIDG  BC  CA,-11.83
6/4/2023,ATM,Withdrawal - ABM - WALMART 1206 ,WALMART 1206  MAPLE RI MAPLE RIDG  BC  CA,-42.99
6/4/2023,FEE,Interac Network Usage Charge,ABM Fee,-1.5
6/4/2023,OTHER,Interac - Purchase - GOLDEN EARS,GOLDEN EARS SPECIALTY MAPLE RIDG  BC  CA,-2.45
6/5/2023,OTHER,Interac - Purchase - MCDONALD'S ,MCDONALD'S #8039   Q04 PITT MEADO  BC  CA,-7.31
6/5/2023,OTHER,Visa Debit - Purchase - BIGPOINT,BIGPOINT*DarkOrbit BIGPOINT.COM  DE,-2.75
6/5/2023,OTHER,Posted :04 Jun 2023,BIGPOINT*DarkOrbit BIGPOINT.COM  DE,0
6/5/2023,OTHER,1.99 USD @ 1.381910000,BIGPOINT*DarkOrbit BIGPOINT.COM  DE,0
6/5/2023,OTHER,Posted :04 Jun 2023  1.99 USD @ ,BIGPOINT*DarkOrbit BIGPOINT.COM  DE,0
6/5/2023,OTHER,Interac - Purchase - HANEY TRIPL,HANEY TRIPLE O'S #538 MAPLE RIDG  BC  CA,-14.68
6/6/2023,OTHER,Interac - Purchase - BC LIQUOR #,BC LIQUOR #065 MAPLE RIDG  BC  CA,-19.91
6/6/2023,ATM,Withdrawal - ABM - 22378 132ND A,22378 132ND AVE MAPLE RIDG  BC  CA,-22
6/6/2023,FEE,Interac Network Usage Charge,ABM Fee,-1.5
6/6/2023,OTHER,Interac - Purchase - GOLDEN EARS,GOLDEN EARS SPECIALTY MAPLE RIDG  BC  CA,-7.67
6/10/2023,OTHER,Interac - Purchase - TIM HORTONS,TIM HORTONS #3676 SURREY  BC  CA,-3.13
6/10/2023,OTHER,Interac - Purchase - TIM HORTONS,TIM HORTONS #3676 SURREY  BC  CA,-4.63
6/11/2023,OTHER,INTERAC e-Transfer From: corey,Transferred,100
6/11/2023,ATM,Withdrawal - ABM - 22378 132ND A,22378 132ND AVE MAPLE RIDG  BC  CA,-42
6/11/2023,FEE,Interac Network Usage Charge,ABM Fee,-1.5
6/11/2023,OTHER,Interac - Purchase - GOLDEN EARS,GOLDEN EARS SPECIALTY MAPLE RIDG  BC  CA,-5.34
6/11/2023,ATM,Withdrawal - ABM - 22378 132ND A,22378 132ND AVE MAPLE RIDG  BC  CA,-42
6/11/2023,FEE,Interac Network Usage Charge,ABM Fee,-1.5
6/13/2023,OTHER,Visa Debit - Purchase - BIGPOINT,BIGPOINT*DarkOrbit BIGPOINT.COM  DE,-2.73
6/13/2023,OTHER,Posted :12 Jun 2023,BIGPOINT*DarkOrbit BIGPOINT.COM  DE,0
6/13/2023,OTHER,1.99 USD @ 1.371859000,BIGPOINT*DarkOrbit BIGPOINT.COM  DE,0
6/13/2023,OTHER,Posted :12 Jun 2023  1.99 USD @ ,BIGPOINT*DarkOrbit BIGPOINT.COM  DE,0
6/16/2023,OTHER,INTERAC e-Transfer From: DAVID F,Transferred,1568.75
6/16/2023,OTHER,INTERAC e-Transfer To: David Fun,Transferred,-800
6/16/2023,OTHER,Interac - Purchase - ZAIKA INDIA,ZAIKA INDIA RESTAURANT MAPLE RIDG  BC  CA,-58.84
6/16/2023,OTHER,Interac - Purchase - RONA HC  61,RONA HC  61190 MAPLE R MAPLE RIDG  BC  CA,-33.59
6/16/2023,OTHER,Interac - Purchase - VALUE VILLA,VALUE VILLAGE # 2102 MAPLE RIDG  BC  CA,-22.31
6/16/2023,OTHER,Interac - Purchase - REAL CDN SU,REAL CDN SUPERSTORE #1 PITT MEADO  BC  CA,-95.92
6/16/2023,ATM,Withdrawal - ABM - 22378 132ND A,22378 132ND AVE MAPLE RIDG  BC  CA,-102
6/16/2023,FEE,Interac Network Usage Charge,ABM Fee,-1.5
6/16/2023,OTHER,Interac - Purchase - GOLDEN EARS,GOLDEN EARS SPECIALTY MAPLE RIDG  BC  CA,-9.78
6/17/2023,OTHER,Interac - Purchase - LORDCO PART,LORDCO PARTS #89 MAPLE RIDG  BC  CA,-24.62
6/17/2023,OTHER,Interac - Purchase - HANEY BUILD,HANEY BUILDERS SUPPLIE MAPLE RIDG  BC  CA,-25.64
6/17/2023,OTHER,Interac - Purchase - WALMART STO,WALMART STORE #1206 MAPLE RIDG  BC  CA,-33.22
6/17/2023,OTHER,Interac - Purchase - BC LIQUOR #,BC LIQUOR #065 MAPLE RIDG  BC  CA,-19.91
6/17/2023,ATM,Withdrawal - ABM - RBC ROYAL BAN,RBC ROYAL BANK MAPLE RIDG  BC  CA,-103
6/17/2023,FEE,Interac Network Usage Charge,ABM Fee,-1.5
6/18/2023,OTHER,INTERAC e-Transfer To: B,Transferred,-60
6/18/2023,OTHER,INTERAC e-Transfer To: B,Transferred,-100
6/19/2023,OTHER,Visa Debit - Purchase - LUCKY MO,LUCKY MOBILE MISSISSAUGA  CA,-28
6/19/2023,OTHER,Posted :18 Jun 2023,LUCKY MOBILE MISSISSAUGA  CA,0
6/19/2023,OTHER,Posted :18 Jun 2023,LUCKY MOBILE MISSISSAUGA  CA,0
6/19/2023,OTHER,INTERAC e-Transfer To: B,Transferred,-50
6/21/2023,OTHER,Visa Debit - Purchase - BIGPOINT,BIGPOINT*DarkOrbit BIGPOINT.COM  DE,-2.71
6/21/2023,OTHER,Posted :19 Jun 2023,BIGPOINT*DarkOrbit BIGPOINT.COM  DE,0
6/21/2023,OTHER,1.99 USD @ 1.361809000,BIGPOINT*DarkOrbit BIGPOINT.COM  DE,0
6/21/2023,OTHER,Posted :19 Jun 2023  1.99 USD @ ,BIGPOINT*DarkOrbit BIGPOINT.COM  DE,0
6/27/2023,OTHER,INTERAC e-Transfer From: DARRELL,Transferred,60
6/29/2023,OTHER,Interac - Purchase - GOLDEN EARS,GOLDEN EARS SPECIALTY MAPLE RIDG  BC  CA,-4.29
6/29/2023,OTHER,Visa Debit - Purchase - APPLE.CO,APPLE.COM/BILL 866-712-7753  CA,-22.39
6/29/2023,OTHER,Posted :28 Jun 2023,APPLE.COM/BILL 866-712-7753  CA,0
6/29/2023,OTHER,Posted :28 Jun 2023,APPLE.COM/BILL 866-712-7753  CA,0
6/29/2023,ATM,Withdrawal - Scotiabank ABM,BANK OF NOVA SCOTIA MAPLE RIDG  BC  CA,-20
6/30/2023,OTHER,INTERAC e-Transfer From: DAVID F,Transferred,1437.5
6/30/2023,ATM,Withdrawal - ABM - 22378 132ND A,22378 132ND AVE MAPLE RIDG  BC  CA,-202
6/30/2023,FEE,Interac Network Usage Charge,ABM Fee,-1.5
6/30/2023,OTHER,Interac - Purchase - GOLDEN EARS,GOLDEN EARS SPECIALTY MAPLE RIDG  BC  CA,-7.22
6/30/2023,OTHER,Interest Paid,,0
6/30/2023,OTHER,Overdraft Interest Charged (June,NEGACR:3.02569/NEGACRUN:.00292,-3.03
7/1/2023,OTHER,INTERAC e-Transfer To: dawsond,Transferred,-100
7/1/2023,OTHER,Interac - Purchase - A&W # 0628 ,A&W # 0628 MAPLE RIDG  BC  CA,-19.28
7/1/2023,OTHER,Interac - Purchase - REAL CDN SU,REAL CDN SUPERSTORE #1 PITT MEADO  BC  CA,-133.15
7/1/2023,ATM,Withdrawal - ABM - 21618 DEWDNEY,21618 DEWDNEY TRUNK MAPLE RIDG  BC  CA,-203.5
7/1/2023,FEE,Interac Network Usage Charge,ABM Fee,-1.5
7/1/2023,OTHER,Interac - Purchase - MAPLE RIDGE,MAPLE RIDGE CYCLE MAPLE RIDG  BC  CA,-12.59
7/1/2023,OTHER,Visa Debit - Purchase - WORKSITE,WORKSITESAFETY.CA DUNDAS  CA,-57.7
7/1/2023,OTHER,Interac - Purchase - DOLLARAMA #,DOLLARAMA # 806 MAPLE RIDG  BC  CA,-23.19
7/1/2023,OTHER,Interac - Purchase - WALMART STO,WALMART STORE #1206 MAPLE RIDG  BC  CA,-51.2
7/1/2023,ATM,Withdrawal - ABM - 22378 132ND A,22378 132ND AVE MAPLE RIDG  BC  CA,-102
7/1/2023,FEE,Interac Network Usage Charge,ABM Fee,-1.5
7/2/2023,ATM,Withdrawal - ABM - 22378 132ND A,22378 132ND AVE MAPLE RIDG  BC  CA,-102
7/2/2023,FEE,Interac Network Usage Charge,ABM Fee,-1.5
7/2/2023,OTHER,Interac - Purchase - GOLDEN EARS,GOLDEN EARS SPECIALTY MAPLE RIDG  BC  CA,-18.23
7/2/2023,OTHER,Interac - Purchase - GOLDEN EARS,GOLDEN EARS SPECIALTY MAPLE RIDG  BC  CA,-7.19
7/2/2023,OTHER,Visa Debit - Purchase - EXTREMEC,EXTREMECHAT.COM BUDAPEST  HU,-34.99
7/2/2023,OTHER,Visa Debit - Purchase - EXTREMEC,EXTREMECHAT.COM BUDAPEST  HU,-34.99
7/2/2023,OTHER,INTERAC e-Transfer To: B,Transferred,-120
7/2/2023,OTHER,Overdraft Fee,,-5
7/3/2023,OTHER,Visa Debit - Purchase - BIGPOINT,BIGPOINT*DarkOrbit BIGPOINT.COM  DE,-2.71
7/3/2023,OTHER,Posted :01 Jul 2023,BIGPOINT*DarkOrbit BIGPOINT.COM  DE,0
7/3/2023,OTHER,1.99 USD @ 1.361809000,BIGPOINT*DarkOrbit BIGPOINT.COM  DE,0
7/3/2023,OTHER,Posted :01 Jul 2023  1.99 USD @ ,BIGPOINT*DarkOrbit BIGPOINT.COM  DE,0
7/5/2023,ATM,Withdrawal - ABM - 22378 132ND A,22378 132ND AVE MAPLE RIDG  BC  CA,-102
7/5/2023,FEE,Interac Network Usage Charge,ABM Fee,-1.5
7/5/2023,OTHER,Interac - Purchase - GOLDEN EARS,GOLDEN EARS SPECIALTY MAPLE RIDG  BC  CA,-4.29
7/6/2023,OTHER,INTERAC e-Transfer To: dawsond,Transferred,-80
7/10/2023,OTHER,Visa Debit - Purchase - BIGPOINT,BIGPOINT*DarkOrbit BIGPOINT.COM  DE,-2.73
7/10/2023,OTHER,Posted :08 Jul 2023,BIGPOINT*DarkOrbit BIGPOINT.COM  DE,0
7/10/2023,OTHER,1.99 USD @ 1.371859000,BIGPOINT*DarkOrbit BIGPOINT.COM  DE,0
7/10/2023,OTHER,Posted :08 Jul 2023  1.99 USD @ ,BIGPOINT*DarkOrbit BIGPOINT.COM  DE,0
7/14/2023,OTHER,INTERAC e-Transfer From: DAVID F,Transferred,1400
7/14/2023,OTHER,INTERAC e-Transfer To: David Fun,Transferred,-800
7/14/2023,ATM,Withdrawal - ABM - 22378 132ND A,22378 132ND AVE MAPLE RIDG  BC  CA,-202
7/14/2023,FEE,Interac Network Usage Charge,ABM Fee,-1.5
7/14/2023,OTHER,Interac - Purchase - GOLDEN EARS,GOLDEN EARS SPECIALTY MAPLE RIDG  BC  CA,-4.29
7/14/2023,OTHER,Interac - Purchase - BLACK SHEEP,BLACK SHEEP PUB & LIQU MAPLE RIDG  BC  CA,-110.38
7/14/2023,OTHER,Interac - Purchase - ALOUETTE TA,ALOUETTE TAXI MAPLE RIDG  BC  CA,-10.61
7/15/2023,OTHER,Interac - Purchase - RIDGE MEADO,RIDGE MEADOWS HOSPICE MAPLE RIDG  BC  CA,-14
7/15/2023,OTHER,Interac - Purchase - WALMART STO,WALMART STORE #1206 MAPLE RIDG  BC  CA,-58.94
7/15/2023,ATM,Withdrawal - ABM - WALMART 1206 ,WALMART 1206  MAPLE RI MAPLE RIDG  BC  CA,-102.99
7/15/2023,FEE,Interac Network Usage Charge,ABM Fee,-1.5
7/15/2023,ATM,Withdrawal - ABM - 22378 132ND A,22378 132ND AVE MAPLE RIDG  BC  CA,-42
7/15/2023,FEE,Interac Network Usage Charge,ABM Fee,-1.5
7/17/2023,OTHER,Visa Debit - Purchase - Blizzard,Blizzard US680012176 194-99551380  CA  US,-7.83
7/17/2023,OTHER,Posted :15 Jul 2023,Blizzard US680012176 194-99551380  CA  US,0
7/17/2023,OTHER,Posted :15 Jul 2023,Blizzard US680012176 194-99551380  CA  US,0
7/17/2023,OTHER,Visa Debit - Purchase - BIGPOINT,BIGPOINT*DarkOrbit BIGPOINT.COM  DE,-2.7
7/17/2023,OTHER,Posted :15 Jul 2023,BIGPOINT*DarkOrbit BIGPOINT.COM  DE,0
7/17/2023,OTHER,1.99 USD @ 1.356784000,BIGPOINT*DarkOrbit BIGPOINT.COM  DE,0
7/17/2023,OTHER,Posted :15 Jul 2023  1.99 USD @ ,BIGPOINT*DarkOrbit BIGPOINT.COM  DE,0
7/18/2023,OTHER,Visa Debit - Purchase - Daybreak,Daybreak Game Company 858-2390500  CA  US,-53.14
7/18/2023,OTHER,Posted :15 Jul 2023,Daybreak Game Company 858-2390500  CA  US,0
7/18/2023,OTHER,39.19 USD @ 1.355958000,Daybreak Game Company 858-2390500  CA  US,0
7/18/2023,OTHER,Posted :15 Jul 2023  39.19 USD @,Daybreak Game Company 858-2390500  CA  US,0
7/24/2023,OTHER,Visa Debit - Purchase - BIGPOINT,BIGPOINT*DarkOrbit BIGPOINT.COM  DE,-2.7
7/24/2023,OTHER,Posted :22 Jul 2023,BIGPOINT*DarkOrbit BIGPOINT.COM  DE,0
7/24/2023,OTHER,1.99 USD @ 1.356784000,BIGPOINT*DarkOrbit BIGPOINT.COM  DE,0
7/24/2023,OTHER,Posted :22 Jul 2023  1.99 USD @ ,BIGPOINT*DarkOrbit BIGPOINT.COM  DE,0
7/26/2023,OTHER,INTERAC e-Transfer From: DARRELL,Transferred,30
7/26/2023,ATM,Withdrawal - ABM - 22378 132ND A,22378 132ND AVE MAPLE RIDG  BC  CA,-22
7/26/2023,FEE,Interac Network Usage Charge,ABM Fee,-1.5
7/28/2023,OTHER,INTERAC e-Transfer From: DAVID F,Transferred,1600
7/28/2023,OTHER,Visa Debit - Purchase - SHAW CAB,SHAW CABLESYSTEMS CALGARY  CA,-135.47
7/28/2023,OTHER,Interac - Purchase - CHV43100 HA,CHV43100 HANEY CHEVRON MAPLE RIDG  BC  CA,-100
7/28/2023,OTHER,Interac - Purchase - HANEY TRIPL,HANEY TRIPLE O'S #538 MAPLE RIDG  BC  CA,-38.17
7/28/2023,OTHER,Interac - Purchase - HANEY BUILD,HANEY BUILDERS SUPPLIE MAPLE RIDG  BC  CA,-31.82
7/28/2023,OTHER,Interac - Purchase - WALMART STO,WALMART STORE #1206 MAPLE RIDG  BC  CA,-208.72
7/28/2023,ATM,Withdrawal - ABM - 22378 132ND A,22378 132ND AVE MAPLE RIDG  BC  CA,-202
7/28/2023,FEE,Interac Network Usage Charge,ABM Fee,-1.5
7/28/2023,OTHER,Interac - Purchase - GOLDEN EARS,GOLDEN EARS SPECIALTY MAPLE RIDG  BC  CA,-7.22
7/29/2023,OTHER,Visa Debit - Purchase - LUCKY MO,LUCKY MOBILE MISSISSAUGA  CA,-28
7/29/2023,OTHER,Posted :28 Jul 2023,LUCKY MOBILE MISSISSAUGA  CA,0
7/29/2023,OTHER,Posted :28 Jul 2023,LUCKY MOBILE MISSISSAUGA  CA,0
7/29/2023,OTHER,Interac - Purchase - SIROCCO MED,SIROCCO MEDITERRANEAN MAPLE RIDG  BC  CA,-15.98
7/29/2023,OTHER,Interac - Purchase - WALMART STO,WALMART STORE #1206 MAPLE RIDG  BC  CA,-111.52
7/29/2023,OTHER,Interac - Purchase - DOLLARAMA #,DOLLARAMA # 806 MAPLE RIDG  BC  CA,-11.42
7/29/2023,OTHER,Interac - Purchase - WALMART STO,WALMART STORE #1206 MAPLE RIDG  BC  CA,-34.67
7/29/2023,OTHER,Interac - Purchase - COMPASS VEN,COMPASS VENDING BURNABY  BC  CA,-3
7/29/2023,OTHER,Interac - Purchase - SAFEWAY #49,SAFEWAY #4942 VANCOUVER  BC  CA,-51.86
7/29/2023,OTHER,Interac - Purchase - SQ *VEGAN C,SQ *VEGAN CHOCOLATIER Vancouver  BC  CA,-10
7/30/2023,OTHER,Interac - Purchase - A&W EAST BR,A&W EAST BROADWAY #709 VANCOUVER  BC  CA,-28.13
7/30/2023,ATM,Withdrawal - Scotiabank ABM,BANK OF NOVA SCOTIA PT COQUIT.  BC  CA,-100
7/30/2023,OTHER,INTERAC e-Transfer To: Darrel Di,Transferred,-40
7/30/2023,ATM,Withdrawal - ABM - 22378 132ND A,22378 132ND AVE MAPLE RIDG  BC  CA,-102
7/30/2023,FEE,Interac Network Usage Charge,ABM Fee,-1.5
7/31/2023,ATM,Withdrawal - ABM - PROSPERA CRED,PROSPERA CREDIT UNION MAPLE RIDG  BC  CA,-102.5
7/31/2023,FEE,Interac Network Usage Charge,ABM Fee,-1.5
7/31/2023,OTHER,Interac - Purchase - CHEVRON 433,CHEVRON 43377 MAPLE RIDG  BC  CA,-3.13
7/31/2023,OTHER,Interac - Purchase - CHEVRON 433,CHEVRON 43377 MAPLE RIDG  BC  CA,-25
7/31/2023,ATM,Withdrawal - ABM - 22378 132ND A,22378 132ND AVE MAPLE RIDG  BC  CA,-102
7/31/2023,FEE,Interac Network Usage Charge,ABM Fee,-1.5
7/31/2023,OTHER,Visa Debit - Purchase - Blizzard,Blizzard US682224685 194-99551380  CA  US,-13.43
7/31/2023,OTHER,Posted :29 Jul 2023,Blizzard US682224685 194-99551380  CA  US,0
7/31/2023,OTHER,Posted :29 Jul 2023,Blizzard US682224685 194-99551380  CA  US,0
7/31/2023,ATM,Withdrawal - ABM - 22378 132ND A,22378 132ND AVE MAPLE RIDG  BC  CA,-82
7/31/2023,FEE,Interac Network Usage Charge,ABM Fee,-1.5
7/31/2023,OTHER,Visa Debit - Purchase - BIGPOINT,BIGPOINT*DarkOrbit BIGPOINT.COM  DE,-2.71
7/31/2023,OTHER,Posted :29 Jul 2023,BIGPOINT*DarkOrbit BIGPOINT.COM  DE,0
7/31/2023,OTHER,1.99 USD @ 1.361809000,BIGPOINT*DarkOrbit BIGPOINT.COM  DE,0
7/31/2023,OTHER,Posted :29 Jul 2023  1.99 USD @ ,BIGPOINT*DarkOrbit BIGPOINT.COM  DE,0
7/31/2023,OTHER,Interest Paid,,0
7/31/2023,OTHER,Overdraft Interest Charged (July,NEGACR:2.81195,-2.81
8/1/2023,OTHER,Overdraft Fee,,-5
8/6/2023,OTHER,INTERAC e-Transfer From: DARRELL,Transferred,20
8/11/2023,OTHER,INTERAC e-Transfer From: DAVID F,Transferred,1662.5
8/11/2023,OTHER,INTERAC e-Transfer To: David Fun,Transferred,-800
8/11/2023,ATM,Withdrawal - ABM - 22378 132ND A,22378 132ND AVE MAPLE RIDG  BC  CA,-302
8/11/2023,FEE,Interac Network Usage Charge,ABM Fee,-1.5
8/11/2023,OTHER,Interac - Purchase - GOLDEN EARS,GOLDEN EARS SPECIALTY MAPLE RIDG  BC  CA,-7.22
8/11/2023,OTHER,INTERAC e-Transfer To: sean f,Transferred,-60
8/12/2023,OTHER,INTERAC e-Transfer To: Dood,Transferred,-160
8/12/2023,OTHER,Interac - Purchase - DONAIR TOP ,DONAIR TOP MAPLE RIDG  BC  CA,-40.62
8/12/2023,OTHER,Interac - Purchase - REAL CDN SU,REAL CDN SUPERSTORE #1 PITT MEADO  BC  CA,-93.31
8/12/2023,ATM,Withdrawal - ABM - PCF ATM PITT ,PCF ATM PITT MEADO  BC  CA,-104
8/12/2023,FEE,Interac Network Usage Charge,ABM Fee,-1.5
8/12/2023,OTHER,Interac - Purchase - GOLDEN EARS,GOLDEN EARS SPECIALTY MAPLE RIDG  BC  CA,-4.29
8/12/2023,ATM,Withdrawal - ABM - 22378 132ND A,22378 132ND AVE MAPLE RIDG  BC  CA,-22
8/12/2023,FEE,Interac Network Usage Charge,ABM Fee,-1.5
8/12/2023,OTHER,Interac - Purchase - GOLDEN EARS,GOLDEN EARS SPECIALTY MAPLE RIDG  BC  CA,-2.45
8/13/2023,OTHER,INTERAC e-Transfer From: MARY-AN,Transferred,40
8/13/2023,OTHER,Visa Debit - Purchase - EXTREMEC,EXTREMECHAT.COM BUDAPEST  HU,-34.99
8/13/2023,OTHER,Posted :12 Aug 2023,EXTREMECHAT.COM BUDAPEST  HU,0
8/13/2023,OTHER,Posted :12 Aug 2023,EXTREMECHAT.COM BUDAPEST  HU,0
8/13/2023,OTHER,Visa Debit - Purchase - EXTREMEC,EXTREMECHAT.COM BUDAPEST  HU,-34.99
8/13/2023,OTHER,Posted :12 Aug 2023,EXTREMECHAT.COM BUDAPEST  HU,0
8/13/2023,OTHER,Posted :12 Aug 2023,EXTREMECHAT.COM BUDAPEST  HU,0
8/13/2023,ATM,Withdrawal - ABM - PROSPERA CRED,PROSPERA CREDIT UNION MAPLE RIDG  BC  CA,-42.5
8/13/2023,FEE,Interac Network Usage Charge,ABM Fee,-1.5
8/16/2023,OTHER,Visa Debit - Purchase - Blizzard,Blizzard US684457118 194-99551380  CA  US,-7.83
8/16/2023,OTHER,Posted :14 Aug 2023,Blizzard US684457118 194-99551380  CA  US,0
8/16/2023,OTHER,Posted :14 Aug 2023,Blizzard US684457118 194-99551380  CA  US,0
8/17/2023,OTHER,INTERAC e-Transfer From: MARY-AN,Transferred,40
8/17/2023,ATM,Withdrawal - Scotiabank ABM,BANK OF NOVA SCOTIA MAPLE RIDG  BC  CA,-40
8/25/2023,OTHER,INTERAC e-Transfer From: DAVID F,Transferred,1450
8/25/2023,OTHER,INTERAC e-Transfer To: Sister,Transferred,-50
8/25/2023,OTHER,Interac - Purchase - REAL CDN SU,REAL CDN SUPERSTORE #1 PITT MEADO  BC  CA,-334.76
8/25/2023,ATM,Withdrawal - ABM - WALMART 1206 ,WALMART 1206  MAPLE RI MAPLE RIDG  BC  CA,-202.99
8/25/2023,FEE,Interac Network Usage Charge,ABM Fee,-1.5
8/25/2023,OTHER,Interac - Purchase - WALMART STO,WALMART STORE #1206 MAPLE RIDG  BC  CA,-24.09
8/25/2023,OTHER,Interac - Purchase - BC LIQUOR #,BC LIQUOR #065 MAPLE RIDG  BC  CA,-16.83
8/25/2023,OTHER,Interac - Purchase - SIROCCO MED,SIROCCO MEDITERRANEAN MAPLE RIDG  BC  CA,-25.36
8/25/2023,OTHER,Interac - Purchase - GOLDEN EARS,GOLDEN EARS SPECIALTY MAPLE RIDG  BC  CA,-9.67
8/26/2023,ATM,Withdrawal - ABM - 22378 132ND A,22378 132ND AVE MAPLE RIDG  BC  CA,-202
8/26/2023,FEE,Interac Network Usage Charge,ABM Fee,-1.5
8/26/2023,OTHER,Interac - Purchase - GOLDEN EARS,GOLDEN EARS SPECIALTY MAPLE RIDG  BC  CA,-4.29
8/26/2023,ATM,Withdrawal - ABM - 22378 132ND A,22378 132ND AVE MAPLE RIDG  BC  CA,-202
8/26/2023,FEE,Interac Network Usage Charge,ABM Fee,-1.5
8/26/2023,ATM,Withdrawal - ABM - 22378 132ND A,22378 132ND AVE MAPLE RIDG  BC  CA,-102
8/26/2023,FEE,Interac Network Usage Charge,ABM Fee,-1.5
8/27/2023,OTHER,Visa Debit - Purchase - LUCKY MO,LUCKY MOBILE MISSISSAUGA  CA,-28
8/27/2023,OTHER,Posted :26 Aug 2023,LUCKY MOBILE MISSISSAUGA  CA,0
8/27/2023,OTHER,Posted :26 Aug 2023,LUCKY MOBILE MISSISSAUGA  CA,0
8/27/2023,OTHER,Interac - Purchase - COMPASS VEN,COMPASS VENDING BURNABY  BC  CA,-0.15
8/27/2023,OTHER,Interac - Purchase - COMPASS VEN,COMPASS VENDING BURNABY  BC  CA,-11.25
8/27/2023,OTHER,Interac - Purchase - LONDON DRUG,LONDON DRUGS 47 MAPLE RIDG  BC  CA,-3.68
8/27/2023,OTHER,Interac - Purchase - A&W #0543 M,A&W #0543 MAPLE RIDG  BC  CA,-23.06
8/27/2023,OTHER,Interac - Purchase - SCIENCE WOR,SCIENCE WORLD - ADMISS VANCOUVER  BC  CA,-34.86
8/27/2023,OTHER,Interac - Purchase - TRIPLE O'S ,TRIPLE O'S #202 VANCOUVER  BC  CA,-18.32
8/27/2023,OTHER,Interac - Purchase - SCIENCE WOR,SCIENCE WORLD - GIFT S VANCOUVER  BC  CA,-95.36
8/27/2023,OTHER,Interac - Purchase - NAYAX CANAD,NAYAX CANADA INC. FREDERICTO  NB  CA,-8
8/27/2023,OTHER,Interac - Purchase - WALMART STO,WALMART STORE #1208 COQUITLAM  BC  CA,-18.88
8/28/2023,OTHER,Visa Debit - Purchase - LUCKY MO,LUCKY MOBILE MISSISSAUGA  CA,-28
8/28/2023,OTHER,Posted :27 Aug 2023,LUCKY MOBILE MISSISSAUGA  CA,0
8/28/2023,OTHER,Posted :27 Aug 2023,LUCKY MOBILE MISSISSAUGA  CA,0
8/31/2023,OTHER,Interest Paid,,0
8/31/2023,OTHER,Overdraft Interest Charged (Augu,NEGACR:3.50569,-3.51
9/1/2023,OTHER,INTERAC e-Transfer From: MARY-AN,Transferred,40
9/1/2023,ATM,Withdrawal - ABM - 22378 132ND A,22378 132ND AVE MAPLE RIDG  BC  CA,-22
9/1/2023,FEE,Interac Network Usage Charge,ABM Fee,-1.5
9/1/2023,OTHER,Interac - Purchase - GOLDEN EARS,GOLDEN EARS SPECIALTY MAPLE RIDG  BC  CA,-2.45
9/1/2023,OTHER,Overdraft Fee,,-5
9/6/2023,OTHER,INTERAC e-Transfer From: HUY TAM,Transferred,55
9/6/2023,ATM,Withdrawal - ABM - 22378 132ND A,22378 132ND AVE MAPLE RIDG  BC  CA,-42
9/6/2023,FEE,Interac Network Usage Charge,ABM Fee,-1.5
9/6/2023,OTHER,Interac - Purchase - GOLDEN EARS,GOLDEN EARS SPECIALTY MAPLE RIDG  BC  CA,-2.93
9/7/2023,OTHER,Interac - Purchase - GOLDEN EARS,GOLDEN EARS SPE MAPLE RIDG  BC  CA,-7.42
9/8/2023,OTHER,INTERAC e-Transfer From: DAVID F,Transferred,887.5
9/8/2023,OTHER,INTERAC e-Transfer To: David Fun,Transferred,-400
9/8/2023,ATM,Withdrawal - ABM - 22378 132ND A,22378 132ND AVE MAPLE RIDG  BC  CA,-102
9/8/2023,FEE,Interac Network Usage Charge,ABM Fee,-1.5
9/9/2023,ATM,Withdrawal - ABM - PROSPERA CRED,PROSPERA CREDIT UNION MAPLE RIDG  BC  CA,-122.5
9/9/2023,FEE,Interac Network Usage Charge,ABM Fee,-1.5
9/9/2023,ATM,Withdrawal - ABM - 22378 132ND A,22378 132ND AVE MAPLE RIDG  BC  CA,-42
9/9/2023,FEE,Interac Network Usage Charge,ABM Fee,-1.5
9/9/2023,OTHER,Interac - Purchase - GOLDEN EARS,GOLDEN EARS SPECIALTY MAPLE RIDG  BC  CA,-6.94
9/9/2023,ATM,Withdrawal - ABM - 22378 132ND A,22378 132ND AVE MAPLE RIDG  BC  CA,-42
9/9/2023,FEE,Interac Network Usage Charge,ABM Fee,-1.5
9/9/2023,ATM,Withdrawal - ABM - 22378 132ND A,22378 132ND AVE MAPLE RIDG  BC  CA,-102
9/9/2023,FEE,Interac Network Usage Charge,ABM Fee,-1.5
9/9/2023,OTHER,Interac - Purchase - GOLDEN EARS,GOLDEN EARS SPECIALTY MAPLE RIDG  BC  CA,-4.38
9/10/2023,ATM,Withdrawal - ABM - 22378 132ND A,22378 132ND AVE MAPLE RIDG  BC  CA,-62
9/10/2023,FEE,Interac Network Usage Charge,ABM Fee,-1.5
9/19/2023,OTHER,INTERAC e-Transfer From: Payper ,Transferred,30
9/19/2023,ATM,Withdrawal - ABM - 22378 132ND A,22378 132ND AVE MAPLE RIDG  BC  CA,-22
9/19/2023,FEE,Interac Network Usage Charge,ABM Fee,-1.5
9/19/2023,OTHER,INTERAC e-Transfer From: Payper ,Transferred,30
9/19/2023,OTHER,INTERAC e-Transfer From: Payper ,Transferred,30
9/19/2023,ATM,Withdrawal - ABM - PROSPERA CRED,PROSPERA CREDIT UNION MAPLE RIDG  BC  CA,-62.5
9/19/2023,FEE,Interac Network Usage Charge,ABM Fee,-1.5
9/20/2023,OTHER,INTERAC e-Transfer From: Payper ,Transferred,59.21
9/20/2023,OTHER,INTERAC e-Transfer From: DARRELL,Transferred,30
9/20/2023,ATM,Withdrawal - ABM - PROSPERA CRED,PROSPERA CREDIT UNION MAPLE RIDG  BC  CA,-62.5
9/20/2023,FEE,Interac Network Usage Charge,ABM Fee,-1.5
9/20/2023,ATM,Withdrawal - ABM - 22378 132ND A,22378 132ND AVE MAPLE RIDG  BC  CA,-22
9/20/2023,FEE,Interac Network Usage Charge,ABM Fee,-1.5
9/20/2023,OTHER,Interac - Purchase - GOLDEN EARS,GOLDEN EARS SPECIALTY MAPLE RIDG  BC  CA,-2.93
9/20/2023,OTHER,Interac - Purchase - GOLDEN EARS,GOLDEN EARS SPECIALTY MAPLE RIDG  BC  CA,-2.93
9/22/2023,OTHER,INTERAC e-Transfer From: DAVID F,Transferred,1325
9/22/2023,OTHER,INTERAC e-Transfer To: David Fun,Transferred,-400
9/22/2023,ATM,Withdrawal - ABM - 22378 132ND A,22378 132ND AVE MAPLE RIDG  BC  CA,-262
9/22/2023,FEE,Interac Network Usage Charge,ABM Fee,-1.5
9/22/2023,OTHER,Interac - Purchase - GOLDEN EARS,GOLDEN EARS SPECIALTY MAPLE RIDG  BC  CA,-5.38
9/23/2023,ATM,Withdrawal - ABM - 22378 132ND A,22378 132ND AVE MAPLE RIDG  BC  CA,-262
9/23/2023,FEE,Interac Network Usage Charge,ABM Fee,-1.5
9/24/2023,ATM,Withdrawal - ABM - 22378 132ND A,22378 132ND AVE MAPLE RIDG  BC  CA,-102
9/24/2023,FEE,Interac Network Usage Charge,ABM Fee,-1.5
9/25/2023,ATM,Withdrawal - ABM - PROSPERA CRED,PROSPERA CREDIT UNION MAPLE RIDG  BC  CA,-102.5
9/25/2023,FEE,Interac Network Usage Charge,ABM Fee,-1.5
9/25/2023,OTHER,INTERAC e-Transfer To: D,Transferred,-120
9/28/2023,OTHER,Visa Debit - Purchase - LUCKY MO,LUCKY MOBILE MISSISSAUGA  CA,-28
9/28/2023,OTHER,Posted :27 Sep 2023,LUCKY MOBILE MISSISSAUGA  CA,0
9/28/2023,OTHER,Posted :27 Sep 2023,LUCKY MOBILE MISSISSAUGA  CA,0
9/28/2023,ATM,Withdrawal - ABM - 22378 132ND A,22378 132ND AVE MAPLE RIDG  BC  CA,-22
9/28/2023,FEE,Interac Network Usage Charge,ABM Fee,-1.5
9/28/2023,OTHER,Interac - Purchase - GOLDEN EARS,GOLDEN EARS SPECIALTY MAPLE RIDG  BC  CA,-7.84
9/29/2023,OTHER,Interac - Purchase - GOLDEN EARS,GOLDEN EARS SPE MAPLE RIDG  BC  CA,-6.7
9/30/2023,OTHER,Interest Paid,,0.01
9/30/2023,OTHER,Overdraft Interest Charged (Sept,NEGACR:3.19161,-3.19
10/1/2023,OTHER,Overdraft Fee,,-5
10/6/2023,OTHER,INTERAC e-Transfer From: DAVID F,Transferred,875
10/6/2023,OTHER,INTERAC e-Transfer To: David Fun,Transferred,-400
10/6/2023,ATM,Withdrawal - ABM - 22378 132ND A,22378 132ND AVE MAPLE RIDG  BC  CA,-102
10/6/2023,FEE,Interac Network Usage Charge,ABM Fee,-1.5
10/6/2023,OTHER,Interac - Purchase - GOLDEN EARS,GOLDEN EARS SPECIALTY MAPLE RIDG  BC  CA,-10.29
10/6/2023,OTHER,Interac - Purchase - REAL CDN SU,REAL CDN SUPERSTORE #1 PITT MEADO  BC  CA,-202.25
10/7/2023,ATM,Withdrawal - ABM - PROSPERA CRED,PROSPERA CREDIT UNION MAPLE RIDG  BC  CA,-102.5
10/7/2023,FEE,Interac Network Usage Charge,ABM Fee,-1.5
10/7/2023,ATM,Withdrawal - ABM - 22378 132ND A,22378 132ND AVE MAPLE RIDG  BC  CA,-42
10/7/2023,FEE,Interac Network Usage Charge,ABM Fee,-1.5
10/20/2023,OTHER,INTERAC e-Transfer From: DAVID F,Transferred,1287.5
10/20/2023,OTHER,INTERAC e-Transfer To: David Fun,Transferred,-400
10/20/2023,OTHER,Visa Debit - Purchase - SHAW CAB,SHAW CABLESYSTEMS CALGARY  CA,-140
10/20/2023,OTHER,Interac - Purchase - WENDY'S RES,WENDY'S RESTAURANTS MAPLE RIDG  BC  CA,-28.74
10/20/2023,OTHER,Interac - Purchase - REAL CDN SU,REAL CDN SUPERSTORE #1 PITT MEADO  BC  CA,-148.85
10/20/2023,ATM,Withdrawal - ABM - PCF ATM PITT ,PCF ATM PITT MEADO  BC  CA,-444
10/20/2023,FEE,Interac Network Usage Charge,ABM Fee,-1.5
10/20/2023,OTHER,Interac - Purchase - GOLDEN EARS,GOLDEN EARS SPECIALTY MAPLE RIDG  BC  CA,-6.94
10/21/2023,ATM,Withdrawal - ABM - 22378 132ND A,22378 132ND AVE MAPLE RIDG  BC  CA,-102
10/21/2023,FEE,Interac Network Usage Charge,ABM Fee,-1.5
10/21/2023,OTHER,INTERAC e-Transfer From: Robert ,Transferred,1
10/21/2023,OTHER,INTERAC e-Transfer From: Robert ,Transferred,40
10/21/2023,ATM,Withdrawal - ABM - 22378 132ND A,22378 132ND AVE MAPLE RIDG  BC  CA,-42
10/21/2023,FEE,Interac Network Usage Charge,ABM Fee,-1.5
10/23/2023,OTHER,INTERAC e-Transfer From: MARY-AN,Transferred,15
10/23/2023,ATM,Withdrawal - ABM - 22378 132ND A,22378 132ND AVE MAPLE RIDG  BC  CA,-22
10/23/2023,FEE,Interac Network Usage Charge,ABM Fee,-1.5
10/23/2023,OTHER,Interac - Purchase - GOLDEN EARS,GOLDEN EARS SPECIALTY MAPLE RIDG  BC  CA,-3.35
10/26/2023,OTHER,INTERAC e-Transfer From: DARRELL,Transferred,20
10/26/2023,ATM,Withdrawal - Scotiabank ABM,BANK OF NOVA SCOTIA MAPLE RIDG  BC  CA,-20
10/31/2023,OTHER,Overdraft Interest Charged (Octo,NEGACR:3.83609/NEGACRUN:.0202,-3.86
11/1/2023,OTHER,Overdraft Fee,,-5
11/3/2023,OTHER,INTERAC e-Transfer From: DAVID F,Transferred,1500
11/3/2023,OTHER,Interac - Purchase - TIM HORTONS,TIM HORTONS #3210 MAPLE RIDG  BC  CA,-1.67
11/3/2023,OTHER,Interac - Purchase - PURDY'S CHO,PURDY'S CHOCOLATES #40 MAPLE RIDG  BC  CA,-32.03
11/3/2023,OTHER,Interac - Purchase - WALMART STO,WALMART STORE #1206 MAPLE RIDG  BC  CA,-117.6
11/3/2023,OTHER,Interac - Purchase - WALMART STO,WALMART STORE #1206 MAPLE RIDG  BC  CA,-18.88
11/3/2023,OTHER,Visa Debit - Purchase - SHAW CAB,SHAW CABLESYSTEMS CALGARY  CA,-180.11
11/3/2023,OTHER,Interac - Purchase - BC LIQUOR #,BC LIQUOR #065 MAPLE RIDG  BC  CA,-19.91
11/3/2023,OTHER,Interac - Purchase - DOLLARAMA #,DOLLARAMA # 806 MAPLE RIDG  BC  CA,-3.93
11/3/2023,ATM,Withdrawal - Scotiabank ABM,BANK OF NOVA SCOTIA MAPLE RIDG  BC  CA,-240
11/4/2023,OTHER,Interac - Purchase - A&W #0543 M,A&W #0543 MAPLE RIDG  BC  CA,-18.23
11/4/2023,ATM,Withdrawal - ABM - 22378 132ND A,22378 132ND AVE MAPLE RIDG  BC  CA,-102
11/4/2023,FEE,Interac Network Usage Charge,ABM Fee,-1.5
11/4/2023,OTHER,Interac - Purchase - GOLDEN EARS,GOLDEN EARS SPECIALTY MAPLE RIDG  BC  CA,-10.84
11/4/2023,OTHER,Interac - Purchase - GOLDEN EARS,GOLDEN EARS SPECIALTY MAPLE RIDG  BC  CA,-2.45
11/4/2023,OTHER,INTERAC e-Transfer To: Alina,Transferred,-120
11/4/2023,OTHER,INTERAC e-Transfer To: Alina,Transferred,-120
11/5/2023,OTHER,Interac - Purchase - TIM HORTONS,TIM HORTONS #1912 MAPLE RIDG  BC  CA,-13.61
11/5/2023,OTHER,Interac - Purchase - REAL CDN SU,REAL CDN SUPERSTORE #1 PITT MEADO  BC  CA,-323.87
11/5/2023,OTHER,Interac - Purchase - GOLDEN EARS,GOLDEN EARS SPECIALTY MAPLE RIDG  BC  CA,-3.35
11/5/2023,ATM,Withdrawal - ABM - 22378 132ND A,22378 132ND AVE MAPLE RIDG  BC  CA,-42
11/5/2023,FEE,Interac Network Usage Charge,ABM Fee,-1.5
11/5/2023,OTHER,Interac - Purchase - GOLDEN EARS,GOLDEN EARS SPECIALTY MAPLE RIDG  BC  CA,-3.48
11/6/2023,OTHER,Visa Debit - Purchase - LUCKY MO,LUCKY MOBILE MISSISSAUGA  CA,-28
11/6/2023,OTHER,Posted :04 Nov 2023,LUCKY MOBILE MISSISSAUGA  CA,0
11/6/2023,OTHER,Posted :04 Nov 2023,LUCKY MOBILE MISSISSAUGA  CA,0
11/6/2023,OTHER,Interac - Purchase - TIM HORTONS,TIM HORTONS #5763 VANCOUVER  BC  CA,-5.19
11/6/2023,ATM,Withdrawal - ABM - 22378 132ND A,22378 132ND AVE MAPLE RIDG  BC  CA,-42
11/6/2023,FEE,Interac Network Usage Charge,ABM Fee,-1.5
11/6/2023,OTHER,Interac - Purchase - GOLDEN EARS,GOLDEN EARS SPECIALTY MAPLE RIDG  BC  CA,-4.49
11/6/2023,OTHER,Interac - Purchase - GOLDEN EARS,GOLDEN EARS SPECIALTY MAPLE RIDG  BC  CA,-2.45
11/6/2023,ATM,Withdrawal - ABM - 22378 132ND A,22378 132ND AVE MAPLE RIDG  BC  CA,-22
11/6/2023,FEE,Interac Network Usage Charge,ABM Fee,-1.5
11/17/2023,OTHER,INTERAC e-Transfer From: DAVID F,Transferred,1275
11/17/2023,OTHER,INTERAC e-Transfer To: David Fun,Transferred,-800
11/17/2023,ATM,Withdrawal - ABM - 22378 132ND A,22378 132ND AVE MAPLE RIDG  BC  CA,-242
11/17/2023,FEE,Interac Network Usage Charge,ABM Fee,-1.5
11/17/2023,OTHER,Interac - Purchase - GOLDEN EARS,GOLDEN EARS SPECIALTY MAPLE RIDG  BC  CA,-3.35
11/18/2023,OTHER,Interac - Purchase - A&W #0543 M,A&W #0543 MAPLE RIDG  BC  CA,-28.73
11/18/2023,OTHER,Interac - Purchase - WALMART STO,WALMART STORE #1206 MAPLE RIDG  BC  CA,-54.97
11/18/2023,ATM,Withdrawal - ABM - 22378 132ND A,22378 132ND AVE MAPLE RIDG  BC  CA,-42
11/18/2023,FEE,Interac Network Usage Charge,ABM Fee,-1.5
11/18/2023,OTHER,Interac - Purchase - GOLDEN EARS,GOLDEN EARS SPECIALTY MAPLE RIDG  BC  CA,-4.49
11/18/2023,ATM,Withdrawal - ABM - 22378 132ND A,22378 132ND AVE MAPLE RIDG  BC  CA,-62
11/18/2023,FEE,Interac Network Usage Charge,ABM Fee,-1.5
11/19/2023,ATM,Withdrawal - ABM - PROSPERA CRED,PROSPERA CREDIT UNION MAPLE RIDG  BC  CA,-22.5
11/19/2023,FEE,Interac Network Usage Charge,ABM Fee,-1.5
11/20/2023,OTHER,Interac - Purchase - GOLDEN EARS,GOLDEN EARS SPECIALTY MAPLE RIDG  BC  CA,-7.19
11/28/2023,OTHER,INTERAC e-Transfer From: Robert ,Transferred,20
11/28/2023,ATM,Withdrawal - ABM - 22378 132ND A,22378 132ND AVE MAPLE RIDG  BC  CA,-22
11/28/2023,FEE,Interac Network Usage Charge,ABM Fee,-1.5
11/28/2023,OTHER,Interac - Purchase - GOLDEN EARS,GOLDEN EARS SPECIALTY MAPLE RIDG  BC  CA,-3.66
11/30/2023,OTHER,Visa Debit - Purchase - BIGPOINT,BIGPOINT*DarkOrbit BIGPOINT.COM  DE,-4.18
11/30/2023,OTHER,Posted :28 Nov 2023,BIGPOINT*DarkOrbit BIGPOINT.COM  DE,0
11/30/2023,OTHER,2.99 USD @ 1.397993000,BIGPOINT*DarkOrbit BIGPOINT.COM  DE,0
11/30/2023,OTHER,Posted :28 Nov 2023  2.99 USD @ ,BIGPOINT*DarkOrbit BIGPOINT.COM  DE,0
11/30/2023,OTHER,Interest Paid,,0.01
11/30/2023,OTHER,Overdraft Interest Charged (Nove,NEGACR:3.31038/NEGACRUN:.00576,-3.32
12/1/2023,OTHER,INTERAC e-Transfer From: DAVID F,Transferred,1300
12/1/2023,ATM,Withdrawal - ABM - 22378 132ND A,22378 132ND AVE MAPLE RIDG  BC  CA,-302
12/1/2023,FEE,Interac Network Usage Charge,ABM Fee,-1.5
12/2/2023,OTHER,Visa Debit - Purchase - SKIPTHED,SKIPTHEDISHES WINNIPEG  CA,-58.26
12/2/2023,OTHER,Posted :01 Dec 2023,SKIPTHEDISHES WINNIPEG  CA,0
12/2/2023,OTHER,Posted :01 Dec 2023,SKIPTHEDISHES WINNIPEG  CA,0
12/2/2023,OTHER,INTERAC e-Transfer To: Rob,Transferred,-40
12/2/2023,OTHER,INTERAC e-Transfer To: Sister,Transferred,-60
12/2/2023,OTHER,Interac - Purchase - Director 61,Director 61121 Maple Ridg  BC  CA,-17.98
12/2/2023,OTHER,Interac - Purchase - COMPASS VEN,COMPASS VENDING BURNABY  BC  CA,-10
12/2/2023,OTHER,Interac - Purchase - WALMART STO,WALMART STORE #1205 SURREY  BC  CA,-110.05
12/2/2023,OTHER,Interac - Purchase - TIM HORTONS,TIM HORTONS #6868 SURREY  BC  CA,-8.42
12/2/2023,OTHER,Interac - Purchase - DQOJ 27308 ,DQOJ 27308 CENTRAL CIT SURREY  BC  CA,-7.49
12/2/2023,OTHER,Interac - Purchase - SHELL C2252,SHELL C22529 CHILLIWACK  BC  CA,-9.56
12/2/2023,OTHER,Interac - Purchase - SHELL C0164,SHELL C01640 KAMLOOPS  BC  CA,-4.61
12/2/2023,OTHER,Interac - Purchase - TIM HORTONS,TIM HORTONS #2980 KAMLOOPS  BC  CA,-9.02
12/3/2023,OTHER,Visa Debit - Purchase - Temu.com,Temu.com Victoria  CA,-23.02
12/3/2023,OTHER,Posted :02 Dec 2023,Temu.com Victoria  CA,0
12/3/2023,OTHER,Posted :02 Dec 2023,Temu.com Victoria  CA,0
12/3/2023,OTHER,Interac - Purchase - PETRO CANAD,PETRO CANADA77803 KAMLOOPS  BC  CA,-13.55
12/3/2023,OTHER,Interac - Purchase - TIM HORTONS,TIM HORTONS #8352 KAMLOOPS  BC  CA,-12.03
12/3/2023,OTHER,Interac - Purchase - KINGSTOWN C,KINGSTOWN CONVENIENCE BOSTON BAR  BC  CA,-13.35
12/3/2023,ATM,Withdrawal - ABM - WALMART 1206 ,WALMART 1206  MAPLE RI MAPLE RIDG  BC  CA,-102.99
12/3/2023,FEE,Interac Network Usage Charge,ABM Fee,-1.5
12/4/2023,ATM,Withdrawal - ABM - 22378 132ND A,22378 132ND AVE MAPLE RIDG  BC  CA,-102
12/4/2023,FEE,Interac Network Usage Charge,ABM Fee,-1.5
12/4/2023,ATM,Withdrawal - ABM - 22378 132ND A,22378 132ND AVE MAPLE RIDG  BC  CA,-102
12/4/2023,FEE,Interac Network Usage Charge,ABM Fee,-1.5
12/5/2023,OTHER,Interac - Purchase - Subway 4719,Subway 47192 Surrey  BC  CA,-24.4
12/5/2023,OTHER,Interac - Purchase - REAL CDN SU,REAL CDN SUPERSTORE #1 PITT MEADO  BC  CA,-140.69
12/5/2023,ATM,Withdrawal - ABM - 22378 132ND A,22378 132ND AVE MAPLE RIDG  BC  CA,-42
12/5/2023,FEE,Interac Network Usage Charge,ABM Fee,-1.5
12/5/2023,OTHER,Interac - Purchase - GOLDEN EARS,GOLDEN EARS SPECIALTY MAPLE RIDG  BC  CA,-8.52
12/5/2023,OTHER,Overdraft Fee,,-5
12/6/2023,CREDIT,Cheque-In Deposit,Transferred,150
12/6/2023,ATM,Withdrawal - ABM - 22378 132ND A,22378 132ND AVE MAPLE RIDG  BC  CA,-42
12/6/2023,FEE,Interac Network Usage Charge,ABM Fee,-1.5
12/6/2023,OTHER,Interac - Purchase - GOLDEN EARS,GOLDEN EARS SPECIALTY MAPLE RIDG  BC  CA,-6.99
12/7/2023,ATM,Withdrawal - ABM - 22378 132ND A,22378 132ND AVE MAPLE RIDG  BC  CA,-62
12/7/2023,FEE,Interac Network Usage Charge,ABM Fee,-1.5
12/7/2023,OTHER,Interac - Purchase - GOLDEN EARS,GOLDEN EARS SPECIALTY MAPLE RIDG  BC  CA,-12.19
12/8/2023,ATM,Withdrawal - Scotiabank ABM,BANK OF NOVA SCOTIA MAPLE RIDG  BC  CA,-20
12/11/2023,OTHER,INTERAC e-Transfer From: Robert ,Transferred,40
12/11/2023,OTHER,INTERAC e-Transfer From: Robert ,Transferred,10
12/11/2023,ATM,Withdrawal - ABM - 22378 132ND A,22378 132ND AVE MAPLE RIDG  BC  CA,-42
12/11/2023,FEE,Interac Network Usage Charge,ABM Fee,-1.5
12/11/2023,OTHER,Interac - Purchase - GOLDEN EARS,GOLDEN EARS SPECIALTY MAPLE RIDG  BC  CA,-3.35
12/13/2023,ATM,Withdrawal - Scotiabank ABM,BANK OF NOVA SCOTIA MAPLE RIDG  BC  CA,-60
